<?xml version="1.0" encoding="UTF-8"?>
<metadata xml:lang="en"><Esri><CreaDate>20190430</CreaDate><CreaTime>13314800</CreaTime><ArcGISFormat>1.0</ArcGISFormat><SyncOnce>TRUE</SyncOnce><DataProperties><itemProps><itemLocation><linkage Sync="TRUE">file://\\DESKTOP-I90P9EN\C$\ArcGISWork\PythonCourse\FINAL_PROJECT\Sample_RasterData\skdem.tif</linkage><protocol Sync="TRUE">Local Area Network</protocol></itemLocation></itemProps><copyHistory><copy source="C:\ArcGISWork\PythonCourse\FINAL_PROJECT\Sample_FCData\skdem.tif" dest="\\DESKTOP-I90P9EN\C$\ArcGISWork\PythonCourse\FINAL_PROJECT\Sample_RasterData\skdem.tif" date="20190430" time="13415300"></copy></copyHistory></DataProperties></Esri></metadata>
